id,split,label,snr_target,noise_type
63870910c7994e60a3a7a9887aeb8694,train,1,6.0,1overf
c6aed3334d714fe785799b759a06a1fa,train,1,4.0,1overf
72b381dd77dc471b8a8d7b67c7fb4488,train,1,8.0,white
adeda6f7ac334b08b3a43295d4b25e79,val,1,4.0,1overf
76cb272161ad4566ac9b144599cbc89d,test,1,3.0,1overf
fe0a1c6f6a6743d08d95690b6147c460,test,1,2.0,1overf
8038a9a82d494da8ba8144bf45b808eb,train,1,10.0,1overf
31cb920c74bb40338ea7a2219db19508,test,1,5.0,white
3072353ed8da446c91eb3f4ffdf32571,val,1,5.0,1overf
6fb179c921d64e0c9d9d2be097bc5a36,train,1,8.0,white
9a65634d4bc746e8943f2c60ad4467ff,test,1,2.0,1overf
62ad6d3ed39a4964a47a2997ac271f87,train,1,10.0,1overf
0795f3556f2b47c2a58da8923b1287a0,train,1,2.0,1overf
dcceb4e85d904305a4b1083bf32a303f,train,1,4.0,1overf
7a26ba36f2f642dda9c92914f94a7ab0,train,1,5.0,white
9546506f45b3464aa87cfa87bd837e93,val,1,6.0,1overf
c51388462c0d4847b2ebf6ac13119476,train,1,2.0,1overf
85696317263046f3b82b370b7dfbac0f,test,1,3.0,white
7fd301b314bc4f958e474cf854be7295,train,1,8.0,white
0edac021442b40548783001c7bd76d38,train,1,8.0,white
3026b714a5dc4cd5be6a3a6e4d3b8b3c,val,1,2.0,1overf
35d36e116b8e46f3997ed9514bf9500f,val,1,8.0,1overf
64e2249a2b98411ab793110873e69a53,train,1,10.0,1overf
6b22ad64e99a4cf4823db5b1c7382a56,train,1,3.0,1overf
fea02791e88541e3b4cb3f7cda7b646c,train,1,3.0,1overf
ef04e18bf4c54916a0c9be661c3218b5,train,1,4.0,1overf
9b1ec993fc274871a5718091d2162580,train,1,8.0,1overf
f3e9d0b41e6f4303aa0290fe9a549341,train,1,6.0,1overf
bb0c4a8ac3344c14b51adfb8fac0f190,test,1,10.0,1overf
72864eb718e64bd4b11b12aae9e36438,train,1,2.0,white
60f2e3eb006a4613812f3f192d4e5774,train,1,4.0,1overf
a0aef7db817140cd9da3a14d0b17d333,train,1,2.0,white
23284c321cb5423b9ef9a53f4f2d52d1,val,1,2.0,1overf
26d39ba181424ab28c0e7efe88ccc146,val,1,6.0,white
ad3d8eb9307149aa8602baa80d330bd1,train,1,8.0,1overf
2c3c3ce4343f4415a0eca9cb138a0c19,train,1,5.0,1overf
b74f4d520bf740179e02041f981fa793,test,1,6.0,1overf
e75a110db22b4d9687b5ce94216adcd5,test,1,3.0,white
e7a03b2257c34d0eb814fa63fbb2e1af,train,1,4.0,1overf
94464a51678e4bdfa247bea689df1d55,train,1,4.0,1overf
afad5edbfb1b453c98bfb6c4b8017f79,test,1,3.0,1overf
b0f00e658d1b491ba5fcd53b4447034c,train,1,6.0,1overf
3e8a6c5592a44b23a64cf647ba5a4cf6,train,1,10.0,white
1540c7a3d2504d688c2a2ca6ed6cfd2e,test,1,3.0,1overf
2be16da211bf4f298cd9a82f0d6eef05,val,1,2.0,1overf
9c5c051e28b34a6a81e3a8c4ae7a7b94,train,1,8.0,white
113ed4ea70f0408cb2c339877f268ebb,test,1,10.0,1overf
c5cdc93796474db7a510c166b7e1f152,test,1,8.0,1overf
129be87af5d64d389964ccb5989c98e9,train,1,4.0,1overf
66958d87948e44f7bb683a78e60a447e,train,1,5.0,1overf
298074171dd342d0ab68c9cc47911ccb,train,1,2.0,white
f1a173eb534d4c9c84b5bbd96e60603a,test,1,4.0,1overf
4cdd42764a0449f8b3d1058c3d4b52e9,train,1,8.0,1overf
e6f745454b114bbd965d14a9614bf763,train,1,2.0,white
5cb057eb121b4a479c1cc6dae6d81a29,val,1,3.0,1overf
ec7b1a20532e4649a46494c5f1c43f9d,train,1,10.0,1overf
1af38d04be454138884368089e37e293,train,1,3.0,white
63d229575390489e85562d3d784aa398,test,1,3.0,1overf
d66ba32a790f4e20b58d6c24565807d3,train,1,8.0,1overf
94b1ae9e99b24aa797528910ff3564a5,train,1,2.0,1overf
a9e4beda54ab4f848941874cf293f6fb,train,1,2.0,1overf
cfa5883f41414cc5b221d59772bab3e2,test,1,6.0,1overf
ab51eb0ca15b4f23a707c87b4f5d473e,train,1,3.0,1overf
45a62f0ca0a74ddca1c9898b0a89000b,test,1,2.0,1overf
229cbaa2c3b842978d513841d08b8567,test,1,3.0,1overf
b156c522e63e4b1b953c265b60c05103,train,1,4.0,1overf
04e9168b2d8c4668a7b690fe536287ce,train,1,5.0,white
c9812651f77a46639a3680e305d9ca9f,train,1,4.0,1overf
7cb5508e83534b4d88e35a6c2ba9366f,train,1,5.0,1overf
5971cecd4836421093073fe98523be89,train,1,8.0,1overf
a5f70799f6db4b939ad845fef4bb5b62,val,1,6.0,1overf
7baaa75763c34806bcfbf80f311399af,val,1,6.0,white
d7ef860d681d44cfb7f78d21bc25b1e5,train,1,6.0,white
b11f85b8adc9480e9d317946cccd4259,val,1,5.0,1overf
735f751a06f342fc931cb71011f6246e,test,1,3.0,1overf
87819496c8434eeda69d3b81c07b889b,train,1,3.0,white
2350c5c69dfb45e68b3027d4a30ea4c8,test,1,3.0,1overf
851e9994cc114ca48e30ff854c7d5aeb,train,1,6.0,white
37fe992a66b0492a9c3528f85319c62f,train,1,8.0,1overf
b2f0ec79cb8247889a699f0298e14fa4,val,1,4.0,1overf
c9b8d2815bef409ca6547e931eadb832,train,1,8.0,white
ab5b9a450ad24db99ebf1aacd696bfef,test,1,10.0,white
30923ecbcb814a72b65351fb0691ddae,train,1,6.0,1overf
0f699b4efdea40cfbe99729a4217e442,train,1,4.0,1overf
ed522d3a12c74f2f8ab8ac4a3372a930,val,1,3.0,1overf
e6215f2206b743d3b6648330bddc4e98,val,1,3.0,1overf
4bd0430516f1480aa09a611e4b6cdfb8,test,1,2.0,white
5c365be4d29e4a1589a7962ea1f99a10,val,1,8.0,white
528c818942e1452db4517f40a1c0b317,train,1,2.0,1overf
48d5c87098054739abdbcac9888b3178,train,1,6.0,white
a9b9dede11934ac1bcda81505c0d9497,test,1,4.0,1overf
1fc0ec1ead244fa78d5a698af305a8cf,train,1,6.0,white
6b1b7c3160b64b0bb2502658d0a6c308,train,1,10.0,1overf
987f9186c54e40fbb87c8615fefb4202,val,1,8.0,white
d7cf8c54919b433382549e284dbd2461,train,1,10.0,white
184b0ebbbd7241f08683cf708d9932a5,test,1,10.0,1overf
5224375564614324b873c7d5a63dab3b,val,1,2.0,1overf
099218246bd545daad51c48748bbecc0,train,1,10.0,white
4dd04a734e874b46a727577a84589e65,train,1,3.0,1overf
da93918c4eb74bc28795bd0bb93bbc9f,val,1,4.0,white
379eb267f5de47d1be85b06c2d74e73c,train,1,10.0,white
2d68f914f98f4414ba109b6d1957d088,val,1,10.0,white
b5c79dbb121d47ed82ac6247d022ae41,val,1,6.0,1overf
38445d4155ec4819a16b925341faa362,val,1,3.0,white
0feb1da1047c4b01a3dcc4599e7e402e,test,1,3.0,1overf
9028b10d66fd49adaa344572a593a456,val,1,8.0,1overf
1680f2fecab74d1091238fd7e23c2dcb,train,1,8.0,1overf
c361dab1985a4f4c89437c0538fb1b28,train,1,10.0,white
8344bd26ad6949a68b8886b61d9a9884,train,1,6.0,1overf
b15b159a6b244c9dab472555f03cc993,train,1,3.0,1overf
fd3bb44b60db48da8fdf86ed28e9cbd6,val,1,5.0,1overf
65f7e8eb4a3347b5b63d0f72a1b78dcf,train,1,8.0,white
e24ef56ee8de4bb48c33e4398ab0a79f,train,1,6.0,white
45b9fc2c5ac344238aaeb6c6025a9a92,train,1,2.0,1overf
a119da18ee2a4bccb4743fd0e4763c9d,val,1,3.0,white
b12b32280a6f4a0e84bdde33f93c0189,test,1,5.0,white
3ec48abb916449b6948de53249fd524c,train,1,10.0,white
29bf6a9daa0b4ab28ec3340633b408c2,train,1,10.0,1overf
0e7d7fc1c02b4f738524b8b4703dc384,train,1,4.0,1overf
afaf0d43b6f845549c98a1ed440ded2a,test,1,6.0,white
fbfaa9ef590c46cf9260f78f04639f80,train,1,5.0,1overf
9d210ae66d6b4366977293684813554e,train,1,10.0,1overf
d5ddb289c3cb48fc91331834b00265e2,train,1,2.0,1overf
f15e3cf708d5483fb9bb822fc4dd3be8,train,1,3.0,1overf
29a65bc9358b4e3bb82828b31e94dfff,test,1,2.0,1overf
dec07ada173d4ac981fac5f7c7c89eda,train,1,4.0,1overf
1d64fcc068d54359a441a2c84ee83da1,train,1,5.0,1overf
f4e558bbb11c417c9057694c429248e3,train,1,2.0,1overf
5ca96e7bdc3b4498bb5b63a467d8639a,train,1,3.0,white
319e67e40891456daf2a2a90c761642e,val,1,3.0,1overf
ee79c8d92000426085c6151d18c84aec,train,1,3.0,1overf
7a5046fd0d91470caf72ce2a3c5f6ef9,train,1,4.0,1overf
6974d4ebbede439f8b5d38d08e52562e,train,1,6.0,white
a570589d80ca41a1bdf14fc9b8c9a5dd,train,1,2.0,1overf
33609b36ead148908f8c81c80e854f88,train,1,6.0,1overf
0310b5dde1224d13821d36fc55a55ae9,val,1,2.0,1overf
e084f79b9783480081672d471e23ddfd,train,1,4.0,1overf
5b502e740ed74074924c910fc24f5c31,train,1,3.0,white
d799faa7052142779043016b1e592862,train,1,4.0,white
c734ca4ee72947ffb0ff837eb408dfcd,train,1,6.0,white
1de1a2c29e8d4cb8a2b40d7529f4e85a,train,1,3.0,1overf
08fd88b4f60047a8a80b28edf8ad8ff9,train,1,8.0,1overf
b6d361778a5d4e589d01e8bc369decf7,train,1,4.0,1overf
a83ebf6b641f40c2addfc7db82eea569,train,1,10.0,1overf
50ffbf4321c540508228dbe633829c47,val,1,3.0,1overf
ded36d825fb24d8f813dd9cb77ea1e34,train,1,2.0,1overf
7b820aab3edf4b49ba354d0d44ce10d8,train,1,8.0,1overf
3151be6fd8474189935a8e1b9e55eddd,test,1,8.0,white
1808bea535dd4eb796471e08abb3ea18,train,1,4.0,1overf
74300281523b4c319c96df3dd5ad4f21,train,1,8.0,white
0ad233babb2a4e00b5f3766cf498222f,train,1,3.0,1overf
f1ac2d08c7cc4f7188a6c1550ce7798b,train,1,8.0,1overf
e9277248265044d582ca05695e2739eb,val,1,10.0,1overf
78148a6be3654909b0d0fa060b50b6db,train,1,2.0,1overf
f54067cd3960426b8467a1b5713502cf,train,1,5.0,1overf
9a07de7243c54219b993349d102e9acc,test,1,6.0,1overf
5c9a351357744ddeb4b1069b7df51f09,train,1,8.0,1overf
f464e8ead7424b21a0aadc900781344e,test,1,3.0,white
6c97341e48244cd88303b62672c85ddb,train,1,4.0,1overf
2c7b5a2968ef41868acf27a698e6e1ee,test,1,4.0,white
6f3a35b094cb4b95ada993e8cc4ed373,train,1,8.0,white
94ea73065b7a46c0851c2a93ba585169,test,1,8.0,1overf
a63d8796905941039bd06fb32f8447d3,train,1,4.0,white
868de431986243c48bf5fac29587915c,test,1,6.0,white
7a03b0f2d9874968abaf3bbeaa919230,val,1,2.0,white
acfbf0a6348a4f68bd04b3399cd32a41,test,1,10.0,1overf
31533f09b5da4c36a310c18a2c69c5c9,train,1,3.0,1overf
e283d2705e1c4c8f9e8a47facbf2014a,val,1,3.0,1overf
b6df730fa7a24f699fb783ed9fb30731,train,1,2.0,white
7f2aaf4ea250472e8a5da15d379cd1b5,train,1,3.0,1overf
ed158bfaca6d4689b03b2c5cc0ff5c1e,train,1,4.0,1overf
52233f10a4d040d299347a25ee20e9bf,test,1,6.0,1overf
ac52eece9d20490287119764c936abf5,train,1,6.0,1overf
7c2a2f586fe3412abd709245df8bae0c,train,1,5.0,white
e3c17ae9239342a5a1f7ac443400ebae,train,1,10.0,1overf
61a7fc8d11904d0f8936f40557c6a4ff,train,1,5.0,1overf
73aa41e7a0d64cb6a664ab40c524010d,train,1,8.0,white
2a018d5152404f2db6e7e320657f32dd,train,1,3.0,1overf
dc899b043464449cb06f64acd5bf55f8,train,1,6.0,1overf
6146187636b34fe7b5af5be9c54abb09,val,1,3.0,white
de75b8e92f394ba58e7b7c47b403fd94,val,1,6.0,white
345919e2bb944de58ba9aa696468e0be,train,1,5.0,1overf
c370de7f03a141f387e8bc470e42a171,train,1,10.0,1overf
c07240f16e864f71863977774c92275c,test,1,8.0,1overf
cb85eb1f672747c7a5792f8036077fba,val,1,10.0,1overf
8d17ca8c3af64183a119202a12ef3fd0,train,1,10.0,white
2f89d8db7c9d4013aa2e3cfe3c8f658a,train,1,2.0,1overf
be7114b8f95d411c8d94f7208e419d32,train,1,5.0,white
c02628afe11848529a8d5fa718f0cb92,train,1,6.0,1overf
e18d32b74b534b97ab7fbc7564ee6d9a,train,1,10.0,1overf
27da87c444884994afaa0609bfda1e0b,train,1,3.0,1overf
dd358f7407814e90b9e0ea0c9a6288b9,train,1,3.0,white
4de11ff036454416bcaa0de7b10198dd,train,1,4.0,1overf
6fb74233e28e452f99ae97ec16b8921d,val,1,3.0,1overf
d7e3c10ad81c4464b3762b987d5edab6,train,1,3.0,1overf
86ec3eb3437842a8b0f276e896afeaf5,train,1,6.0,1overf
99d2e991d2a746abbd2e363f36c581c6,test,1,6.0,1overf
02d115f90172452bb38c9322023417df,train,1,3.0,1overf
bd06c29b59c2421da294bff7b22de1f9,train,1,8.0,1overf
4afa92e010a84a46811efcdeb8b7b140,train,1,2.0,1overf
11380946bcd4434eb649e8e3d7344219,train,1,8.0,1overf
ddd0ba8f490d45478aaef2ba188e5d7c,train,1,10.0,white
c6975b212c2947d093c9c6d7cae6f24a,val,1,8.0,1overf
860d4f7341b24f33a2ee9a9db3302277,train,1,10.0,1overf
29021bfec4d648469b2f42726f8e9b65,train,1,4.0,1overf
22ed12ed75694c21b65ec315d4d90dd6,train,1,6.0,1overf
aeff7fe9d8fc4e2c89d6e325f4d4ac96,train,1,3.0,white
e6ea5b34532442f0bccfc9144a369659,train,1,6.0,1overf
8a1b4f7d517c4a68b118623ba60bd16e,train,1,4.0,white
e19b88c4c37440ab8c55b74d626ef66a,val,1,8.0,1overf
6f182bb9d9564c62a87449b46c896358,val,1,5.0,1overf
2205ccc139f44eb8bc25bcd9cd8bb44c,train,1,5.0,1overf
5f1c73e863444fe480c0a62fe276ff63,test,1,8.0,1overf
4e310d8e559c4052b0a345491b159671,train,1,2.0,1overf
a858fb095a9145db866714bd9654ce54,train,1,8.0,1overf
925415518e94436094a41c434fe2dc81,train,1,4.0,1overf
26b123d0bbde4df9b4635ddc6bc4358b,train,1,2.0,1overf
f289bacfb51a4b0cae062616d039437c,val,1,5.0,white
6a662c187ddc4c51aa2fa849860f7fd2,train,1,3.0,1overf
d9cb5416f00047f9ba280df79d00f6ba,val,1,2.0,1overf
3cadbeefffa845629490f37ec053ec3e,train,1,8.0,white
ab1f27baca8a4a04a15a71224980f870,train,1,5.0,1overf
534bce103296485eb554e297476d0026,train,1,5.0,1overf
aaaa45bff5604319a9272d81c063dde7,test,1,2.0,white
91706b87ccd74e959d4d58498e3cbd79,train,1,5.0,white
7b65fcf8da8a49019c98e4cf7ab3946f,train,1,6.0,1overf
e41ee80a9b3343d19526f24f1c8c786e,train,1,4.0,white
2f6fab71b79f4177b5dbd29c8a24dc2d,train,1,3.0,1overf
813dce1a5c77408e885546d0c8248fe6,test,1,6.0,white
550c33c43b434eed9115e4fd74310d5b,val,1,4.0,white
9cb6be65ecf649bcbb51a535d54c43a7,train,1,2.0,1overf
e0cc0caa6bd14b1a86cfa595c7ec8155,train,1,4.0,1overf
64dbb2c39e5d4523b393d927a2aa263b,train,1,8.0,white
09f598da6f804948917c8dff019270d2,test,1,6.0,1overf
d549a028ca144799900fa801ff92c0b3,train,1,10.0,white
9357237e3ba343cea884a9b72b538f41,train,1,4.0,white
b0898023d55645a78428a1a72b79bfbe,train,1,10.0,1overf
85860f1d7e204cba90ae82d659aa0555,test,1,4.0,1overf
e3a42bf43de4471ebfc5866dcd1f2fe4,train,1,3.0,white
097d2dcf8aa84edc9c61c25296c8ddaa,train,1,3.0,white
577de0ba24e04ebdb804de1881312cc9,test,1,10.0,white
bb3079884900424ba1fb485ff67fb0ce,train,1,2.0,white
bfbf3e16e320460494d4852b69249b28,test,1,5.0,1overf
91c3aba6c16f4f2f80add8ffd176f6b4,train,1,8.0,1overf
00097e3dd036475584b83e7407394798,train,1,5.0,white
b6d9ce8289904162992bac3470da514c,train,1,10.0,1overf
0974030bf8774e1995c3a6fefc3f8249,val,1,4.0,1overf
e1a3043a853f4258b3b8e1bea7c61ada,train,1,10.0,white
2e7c35ff86ae41539804ef9567561171,test,1,4.0,1overf
e52db6a5ceca4a0f92106016e673d09f,val,1,6.0,white
7cffb2a2c38341ec9e387de6e83d420a,val,1,5.0,1overf
efab4e6cebaa4a2298f41bbc0d898f93,val,1,10.0,white
70f79eedb7cb464bb825815842fa0f4c,train,1,10.0,1overf
abcf0329915c4adab1b98a0059a27c32,test,1,8.0,1overf
d4869dced5204feca42dbe5b277b062f,train,1,4.0,white
d710fe6717a84f7d97229bca12c53a87,train,1,5.0,white
3b22614aac1948bd852438500f5c361e,train,1,8.0,white
d9fc19f6a20643deafc02b2aff1c74da,train,1,2.0,white
b74ba88a16ec4744a7ff1fcec7166ace,test,1,5.0,1overf
984042f4eecb46d3b1b6bd39caccc648,train,1,6.0,1overf
f99e5adde35643e19e4c512eed532993,train,1,4.0,1overf
27de31bd6453499fa31458b8b6cbff3d,train,1,6.0,white
832aff6d03004809a38ae3f587c4aed5,train,1,2.0,1overf
d95b0491dec7408ca892683d05ee4793,train,1,10.0,1overf
c8e55aa7c84b494ea6ba3da6e6ee0269,train,1,5.0,1overf
28d7eda5f3b94462baaed1bfbb9b55bf,test,1,2.0,1overf
ec5a8d5bf08e42e4b500bf39cf403435,val,1,10.0,1overf
cda60a15698f4ae583e068d282cee906,train,1,3.0,white
0214a706869e43228eb4d4d1ca1c2106,train,1,3.0,1overf
7843ff0620c241f6b6cf2813f0ab8d8e,train,1,4.0,1overf
e12bf87a76ac491a8cd60253e873fba8,train,1,5.0,1overf
ad9b3f47655d492792cf63f4a755f1ec,train,1,10.0,1overf
66f6f096ca9840b8ac83e7bd410f4c98,train,1,4.0,1overf
a799470f598e45b29f274483e130473d,train,1,5.0,white
66e766372709481da27cff6d4f672148,train,1,8.0,1overf
6a9059edd8d646608c738e5d240717b5,train,1,6.0,1overf
769745e2f01941afbaddd86abe3cfa4c,train,1,8.0,1overf
5409038fcdb1481c85bc65ac86f51925,train,1,8.0,1overf
8255ca72fc52405a82af59bedea45844,train,1,10.0,1overf
08f49a83c8c5491f9bf69d31bb25b8c7,train,1,3.0,white
b2a7c7b7069747a2b800c9cdcab0289f,val,1,8.0,1overf
b5f05b28ac2547f9851d7c4d47c3279c,train,1,8.0,1overf
a0df46e8cfc94e578645919e72004f67,train,1,2.0,1overf
37889261ec59414681eff1c9feaf0c4f,train,1,3.0,1overf
5fa93fa1e1164d218bbd45093c21ea21,train,1,4.0,1overf
14668fa98dcb4925b221b4b12ef75b7e,train,1,6.0,1overf
30d797d687f84d3eb5c20df9c462d1a9,val,1,2.0,1overf
479c7dc2c344477c979c661a9ab080cf,train,1,2.0,1overf
f2c3693586334be9b6fc7aae3a869d22,train,1,4.0,1overf
f5982490375d4c948622389767ec992b,train,1,6.0,1overf
4f2cb876da6241ada6c342c399e27200,train,1,2.0,1overf
a590d014fa734b8dadb859650704d7fe,val,1,5.0,1overf
3e735337d14844258e5a04bfd5f38f65,train,1,10.0,white
efafea6df0c748659658954566a2d485,train,1,4.0,white
611b2ddaba3b4c89a0dae48e4d7a6f86,train,1,8.0,1overf
353e864863274c5987911c05725dce93,train,1,4.0,1overf
398c7b03074a427ba491c9d4295a6cc7,train,1,8.0,1overf
5551287c44784e5b8b40b0f7ed7c2b64,train,1,8.0,white
6224906981594a2da8eee1c721ec56ea,train,1,10.0,1overf
d748722cae644919bfa7ecc70919f823,train,1,10.0,1overf
6b6be85e8af946dab87099c022c45218,train,1,8.0,1overf
0619de569f37496f9cf9577d938bd52f,test,1,4.0,1overf
e57cee87d7724b0b8d99d3572d06128d,val,1,4.0,white
5d106297bb984f28bec4ff1a4aa7d1dc,train,1,4.0,1overf
b2463a7950bb4aad8fd978587e6a84c4,train,1,5.0,white
cbe76941a3f94a67a6d04f7186bf04c5,val,1,3.0,1overf
cb7b0dbc0d744389baf42d941953a2be,test,1,2.0,1overf
95465a511199476e995088973d394222,train,1,4.0,1overf
e3d5c4595def4e988db46634a9b39d0d,test,1,8.0,1overf
336ce78dfaa54a54b0eca9915c85b0db,train,1,5.0,1overf
aac1ebf8f902408bb2c0e1b02047e58d,test,1,5.0,1overf
c488c049eda742f586d1a02259630434,train,1,2.0,1overf
5ea673a792a04c6fbb4f86f9264d5f2e,train,1,4.0,1overf
22fc4cc94ddb498abd0f96051445341e,train,1,3.0,1overf
4512c51e1adc411591df0346622eaec8,train,1,10.0,white
bb7b6d80a7e844b0bc15df1c02b962d5,test,1,2.0,1overf
f721c079001248e4842051572ded7f40,train,1,4.0,1overf
4d6754e7bbe0440e9efa2a5896e0e978,val,1,6.0,1overf
fb49f4d10d1b4484a5165b5e77703a0f,val,1,2.0,1overf
369ef24ea33843d689d18cec6001b184,train,1,4.0,white
d9268aae3d254256a56918a1e82f8d30,val,1,3.0,1overf
574e09141e954e3cbf5cbca7315554b2,train,1,5.0,white
6984f07db5614db782faedd612d47df8,train,1,5.0,1overf
e8eb47aeb78842e88f7ae51ee107e201,train,1,5.0,1overf
ab1bfd34a07140ecb387c863982d00ec,train,1,4.0,1overf
a491e0c3282b41978875033f4446ce04,test,1,10.0,1overf
6a3b0db8532546fbbabb4197c22601a1,test,1,2.0,white
67803b9bf51b43d08cf7c66a367a2263,train,1,5.0,white
542c996800d040b3be65edec176016cc,train,1,8.0,1overf
3465d23f3ee7487daa32ece633b94976,train,1,10.0,white
15c00ee73bbd47c7be8a46c0bc13227d,train,1,2.0,1overf
f84a0d13ea704a2693e2e43991260bfd,val,1,8.0,1overf
4475ad7579e144f78a972fc3c43e9d87,train,1,2.0,1overf
7349cb2ede7a4958a408705c3340eedc,val,1,6.0,1overf
53e331c30652483998559647c666c698,train,1,5.0,1overf
3a5b036e8bd44379826079b2c3accb62,train,1,5.0,1overf
76e3d21a17794806948c5c83e9bb7097,train,1,3.0,white
ed3a03cb071a4ea486161d9490c79345,test,1,10.0,1overf
153ae375c59248a4b5129978715e3f65,val,1,6.0,1overf
79b8667b7a1b4a17b42d6f962c6fdd3f,test,1,2.0,1overf
74f37a9e8cd940ff858f4848a6814d81,train,1,8.0,1overf
90d5632aa0b64b6e847ffdd9e0cdb3b9,train,1,2.0,1overf
53c04ef5052341e5b5fd9a87c8815577,train,1,8.0,1overf
dcf2bf8a89874e4091b630c12ed7e60a,train,1,10.0,1overf
b38da292f23a4c35875f83c358f83011,test,1,10.0,1overf
19df9acdc7fc48b9ba9035963cbeb1ed,train,1,10.0,1overf
5d25a12354684c6692aa15482797dd14,train,1,4.0,white
43f35f7784514ee6ab7d5c16231929d7,val,1,2.0,1overf
cf7a4ac8e4d54b628de865854a1447e1,val,1,2.0,1overf
2b83d521ec184461a1adff215f7ca4aa,val,1,4.0,1overf
c80a2e3cb2c749599f0c0e09e254d447,train,1,5.0,1overf
881963d453b2493d8aec8c3adaec5100,train,1,10.0,1overf
6ff2ee586b9e40bd911d05338d79012e,train,1,5.0,1overf
fd52b17c17b8480d9c96462c392136dc,train,1,10.0,1overf
d08aee509bda4b96b152cb7ed53bc4a0,test,1,4.0,white
d97a94ba58374ac58a93a51334d1fee7,train,1,10.0,1overf
773a81ceb2274bd7898bf6442fe89bb5,train,1,5.0,white
7db7b50acc564c029df8a18b611fb278,train,1,5.0,1overf
c16c0810ab694f28810ffbc4cff82e61,test,1,5.0,white
699d66ef3f294c3480e02ee7d0d0d775,train,1,10.0,1overf
fb9cdeee814d42f69a30a61efd3f0d9d,test,1,8.0,1overf
3e3309dd232043d5aec4250e5f713ba4,train,1,2.0,1overf
5915f55628054477b30e3acb85a054eb,train,1,5.0,1overf
8590f82ba5e34d90bd5b55d735573d2f,train,1,2.0,1overf
706309ac94d84707bfa2d2710cf0a849,train,1,4.0,1overf
92ecd978c2424b048e3f24abca03aa14,val,1,10.0,1overf
bff2824e758e4235b39d1925303a3c17,train,1,3.0,1overf
bf6852e98f4645b78fb185c1f1216b65,train,1,5.0,white
6f8454783b7e493592604a79c2b01721,val,1,8.0,1overf
ea9b12154ea14256ad8963fd96179994,train,1,6.0,1overf
6c79f796b1cd4d978b8c23c292ba7d32,train,1,8.0,white
fbc415db812f4f98853a22b091cd1849,train,1,8.0,1overf
43163a3546d64dca8c53490517902c1d,train,1,2.0,1overf
21ffc3cbf22b4c16981e7c5b4efbdc3f,train,1,4.0,1overf
0e26b4ae93474a4fac122e2759be1d89,train,1,10.0,1overf
9a6bd90ddf7f49b6a040150ab3a347f2,train,1,5.0,white
7f5181789a144271abd5d0255889e2ec,train,1,5.0,1overf
c361a3502d03483b87e46300d3ee824a,test,1,3.0,white
548504118ff746f184b9e6f6e6c0ad82,train,1,2.0,white
b321ee34d2bf40628308a9bd56969074,train,1,4.0,1overf
d69c2e97e94c4a82ae08aebe1df683e4,train,1,8.0,white
fe7a127c28444b8eb131f0336ebe609b,train,1,8.0,1overf
2d14a3132874452985fe7d588d0dd5db,train,1,8.0,1overf
c2575449a8da4b919afb67d1c887ebb5,train,1,4.0,1overf
21eccce708854e699c0992df081c0e92,val,1,4.0,1overf
9a9b2f803a3d43eb90264bf403ada76b,train,1,6.0,white
a72f040e045942c0ba56a5e665d9258b,train,1,3.0,1overf
e1115b06bec2424b924192897f5534a6,train,1,8.0,1overf
7dd3a0697733489c92f36f9560ee6998,train,1,6.0,1overf
990ed5c883a94d60b0e90ebbcaa1e2be,train,1,10.0,1overf
11006a9ccb2e494bb25d564ad09320b7,train,1,6.0,1overf
2611400923d043f99304b336af2016f1,train,1,4.0,white
74695ed95e304b1fa138f4e49f68b0d9,train,1,3.0,white
1bbe1b1d111e4a828c5d248006d95321,test,1,10.0,1overf
70dd7f9f27d140f1a52f5c51fd8b86f9,train,1,5.0,white
cebacd33dc9d4c5f9faa62c4ebeb6477,val,1,8.0,1overf
959328413869420d90d424e71eb651de,test,1,10.0,1overf
2aff21ab04be4b5abb5c3eb52432ff38,train,1,8.0,1overf
b55ee07a4ace4e7f84cbe9973e2016b4,val,1,6.0,1overf
a4127e438405475fb79c50af8824ddf9,train,1,3.0,1overf
0ca93c82148b4b86960f680b796df9da,train,1,8.0,1overf
298ce6740f7b4cee892481fbe65b0dc2,train,1,8.0,white
351fc4f596274fbd8954c4308d7ffd2d,val,1,10.0,1overf
55fb8f395ba3439a981f3a63ecdc0eba,train,1,3.0,white
f9958557bcd940e3aa8d0491a86bea03,test,1,10.0,1overf
25d71fb3bd984ca5969c9471297c3f1e,train,1,6.0,1overf
84dfc00533a3432eba7d1bef4260c08c,train,1,2.0,1overf
d1c5e84cae2f454f862b36d0f5f441be,train,1,4.0,1overf
15fe1d9730c04891abf7e7d35502877f,test,1,6.0,1overf
6971799e7c0a44e694b6db7893091d90,train,1,5.0,1overf
2b9b8b76b39145e8a1c3474005eb39c5,train,1,8.0,1overf
30e5324db13846b8b9df57e52d49fcca,train,1,3.0,white
3ce40cc185c14efe9e7f1404380de60c,train,1,8.0,1overf
7705bfec53c44cb08c9e1b85b7d041d2,val,1,5.0,1overf
1f31f90319f94df3bb6810a838b579f7,val,1,4.0,1overf
9dac2773e2e14d04822320358d542af9,val,1,10.0,1overf
099e50584d18440ca31fb7533cc8961a,val,1,5.0,white
a86c74f9b71f4aaf845db60fa89dc87a,train,1,5.0,white
6bbac9d70c9d4130bae08501b22dc353,train,1,4.0,1overf
19d5d2ecfde74e09b92706042d8cedb1,train,1,10.0,white
ee4e7b4e499948308af241871eb19325,train,1,10.0,1overf
53959a4da9a748b6b552516d601ad191,train,1,2.0,1overf
10ea368be81047c7a9cba10842f9f13f,val,1,5.0,white
4eee18f438e942e888a7639eb61c5feb,val,1,3.0,1overf
b0f90afb3c7240c7ba153505a99e076b,train,1,10.0,1overf
439d0b2b18334015a782c9005a891cef,test,1,10.0,1overf
95ab16d7db734d328ba8489a7e1990a4,train,1,3.0,1overf
179daa881566468e80d54d6d179073a4,val,1,3.0,white
fc1336f2aa664bb4bdcfe3ed9e4b0b54,train,1,3.0,white
956f3df65638412abc68be4f469c27f1,test,1,10.0,1overf
d830a7e7a0ea442ab6cf82a0c5d4992b,train,1,3.0,1overf
dae2f506c14c458b843e77a27139cefd,val,1,8.0,1overf
64d9ae0ceebd443a937e5fc2baf11a65,train,1,5.0,1overf
64d7913bd89d4987ac41482a67aa84b7,val,1,5.0,1overf
def09c2fc2cc413b9104cdf8277caf39,train,1,2.0,1overf
f8c7a049371246a68184b1d9aa4e2c01,train,1,4.0,1overf
c3d0da4420544aebb027682e082677bd,train,1,2.0,white
6d9a295f77794c5cbcdf6a773ebca213,train,1,10.0,1overf
2f555bd6023c4d6aa680e1f5233f37b1,train,1,6.0,1overf
92eaa4b783bf4221ad570a36c6829dfb,train,1,8.0,white
47990774dbc044d88febe267ecd32335,train,1,4.0,1overf
d1c1ac27d4644a94be3cbdfeb9a38537,train,1,6.0,1overf
b7e49811a52e410297d24f22a6ebbe69,test,1,5.0,1overf
0103f4683239485fb5feffa3748719e1,val,1,6.0,1overf
003a043cc688453a8dd1b7c12c86dfca,train,1,5.0,1overf
14d29d99366a4c6fb241c06a33f5040f,val,1,2.0,white
678cecac1cd34c9b82950b3eba386ec5,val,1,2.0,1overf
b911f7a729ba43dc8e39937e0d16b08f,train,1,2.0,1overf
f60ffe255b6f4f1fa440fa0781c49515,train,1,2.0,1overf
3fa8b3d76ee649e6a1b72160f99c0978,train,1,2.0,1overf
5ba43e428a1a45059d5e8e2ab49eff8b,train,1,4.0,white
938ebc6ae6444f58aff1db0adf27e79d,val,1,4.0,1overf
de755008b9b6438290d156e67914ffbd,train,1,2.0,1overf
1d36a62e20d54b329aeb68b4219ce7cc,train,1,6.0,white
1493887c36024d6988ffb42c9b231912,train,1,6.0,1overf
9eb24755bd4c4bcabde96d4cba612e17,train,1,5.0,1overf
f37cc0b034164cca986882d4c207dfca,train,1,4.0,1overf
f656ec79f020414fb2e3f3f2ef5f6b9d,test,1,10.0,white
6dd24ebe975e4d9e958b0e510b5f6802,test,1,10.0,1overf
e2e2230f86f14f07a0a73557e16e017b,train,1,6.0,1overf
8148f72a933d425b9653d73eec754287,train,1,3.0,1overf
62e3c05bc66948e593997dbe7969ba5a,train,1,5.0,1overf
c6cba8e8f1884b2eb5724103a051e9ed,test,1,5.0,1overf
6a9b247f423648b4ae1fec105cc11e73,train,1,3.0,white
d6b81cbd54ab4c4085eec7510b5a0295,train,1,6.0,1overf
9d8ca3c9383242b68aad46ca9e5905a0,train,1,10.0,1overf
568cb1da55d545d2957c13f65997af07,train,1,8.0,1overf
a57519fe6d3244418e496f3c574561ac,train,1,2.0,1overf
1f561424065440a989b95b8701745f35,val,1,6.0,white
535ade2fc55943378568a5cec51333d2,val,1,2.0,white
58fb4e95d7274d05b145473517376e60,train,1,8.0,1overf
b043dd36b37b490988f6494f14728b69,train,1,3.0,white
7f480a652c33468699d8498266b94f2c,train,1,5.0,white
294548ed486b4183b3160b88e4d82b3a,train,1,10.0,1overf
d8ea4b691cf641358384551e7ac15ca8,train,1,5.0,1overf
31c873160cd146719ecce11f7b52531a,val,1,8.0,1overf
29a5fbdad2b048599df2ebe5508ded12,test,1,10.0,white
ab8299ab01bf4234b6ef3404766723fa,train,1,6.0,white
511a5e31795442a7ae15e1388be24ae8,train,1,4.0,1overf
87f42755e17a42a984fb5703d7901f3f,val,1,3.0,white
83271dc86ba94b2eb2a36f3cf41535b5,train,1,5.0,1overf
811160c09a95454ba7b68dc3471af403,train,1,2.0,white
21eb8e2e0a9b47998b9e13b7e5243370,train,1,4.0,1overf
ed61686df4524ea695cd7ace73d0c755,train,1,5.0,white
5201fd533b7f4f698b00ec8dc51bf875,train,1,2.0,1overf
50040cee5cbe4053b9cfdc60920e0a75,train,1,3.0,white
e8d8eb55df774871a7a116ec0bbd20da,train,1,5.0,1overf
def10c39a4e741d1925703bac75e8255,train,1,5.0,white
823ade5b8abe4febb357047bb23dadbd,train,1,10.0,1overf
79eb763a46b4453b8b6b47942c28ce8c,test,1,2.0,1overf
9c12db9b5d8f4f94aeb6ff530d1da540,test,1,3.0,white
3817caa43bed46bba1ce50179ef3bf82,val,1,6.0,1overf
0274d85b0ea94fb88e083d9459fc118f,train,1,5.0,white
e7a93d9870f5462e9ac3ded3c7c68b09,val,1,5.0,white
b9351b75ba0b4838833cdd65877d6349,train,1,2.0,1overf
336f5eadd920477cb681754df149e896,train,1,5.0,1overf
b8add386b83741f6b268c0a2509c5892,train,1,10.0,white
9dcb049a81f64c069034cfcd4b4dfad2,test,1,4.0,1overf
746f323978374b3385d5e89e45ee60ed,train,1,2.0,white
4f38e6e75d994cdcb7a4f62b84ae345c,train,1,10.0,1overf
bfe6a7a49bac47eaa17d401e6dd2afc7,test,0,6.0,1overf
b38a472a1b144b22b300f5c58348a228,test,0,5.0,white
906d1fb1a5264647a4b0d4eebdc750ae,train,0,4.0,1overf
9024259fd2fd4a09b2633a8804dc392c,val,0,4.0,1overf
94af3be838ba4057be41ce127e56f8ef,train,0,4.0,1overf
a259605d8aef42b0b8a65f5eaa28f997,val,0,4.0,1overf
3fb2814178b3421e993bf78730cbaf71,val,0,6.0,white
dd1dfea0c7a5458382d9b7d93d719e60,val,0,10.0,1overf
7516234771bc45b3ab00a44efb39203b,val,0,4.0,1overf
f50b1af40cae42be9ffb06e900b9c183,train,0,10.0,1overf
1d341efa680b4a77aacd8949ba24dcf2,train,0,5.0,1overf
47447b226601476cb248a9dc54a4dc94,train,0,5.0,1overf
a3e9b137004344ab8b7cb63e4bceae7e,train,0,3.0,1overf
0e51af47275c401792806cfdc3d3f78d,train,0,5.0,1overf
e0f0aa6dd2d94ab39531a97f4058861d,train,0,2.0,1overf
c66ab372aafe4ee1b1e4caffa127207d,test,0,2.0,1overf
d1237a7e930546b9b1a98425671bf3a3,train,0,6.0,1overf
b7e6f833c22946fea36c0c88ed905dd9,train,0,8.0,1overf
ae46e513e3a64bb6b7c6565a43142917,test,0,2.0,1overf
bd54c8fa1ed44117b78a5c084c8c07ed,train,0,10.0,1overf
92ad560510f040fdbe53173935d7608a,train,0,6.0,white
fe0e95b9391247ffa2f162cef0b52041,test,0,6.0,1overf
d1f62f8d7b3142a3b7ff1bda9e4f37ab,test,0,5.0,1overf
1676cb15f5f84b68a44f2db046506f03,train,0,8.0,1overf
b0775129221f40cb9788b54a9f9b0b2f,train,0,6.0,1overf
7f3bb87e2bfa42b299866aff9e35ce61,val,0,4.0,1overf
ee655cf04ce643909ad461187aa6b738,train,0,4.0,white
99214715347f487aadb56f88b56acf0b,train,0,10.0,1overf
763d6280bf0f4a8eb21fc79c3e48f8fb,train,0,3.0,white
5ac9bc98787d4d30af81f3460160d48e,train,0,3.0,1overf
ab0ef87dee68428c9841169c4ec70b02,train,0,4.0,1overf
a89cb3f2a7ca4b6f8851a94c5ff7eab4,val,0,6.0,1overf
f1b26576b6d14877a623396b6c2e4fd3,train,0,8.0,1overf
378ca19097af4568a2fda340adbd4800,train,0,10.0,1overf
198138575e70459ab0cd74ae65000f4e,train,0,2.0,1overf
e6f0011d51034bc48efde1653a3b524c,train,0,5.0,1overf
45a13af77cc343ba8aed5e9959cc6dbc,train,0,8.0,1overf
823feb89275a4a7ca1ff9b5d5ac2098f,test,0,3.0,1overf
cd1148e01e7f462096421f4b4aa001dd,train,0,2.0,1overf
e5c5ba44ca40479097fb79319048710b,test,0,8.0,1overf
f96fb5eb01254a9d9db236b32c03f4a3,test,0,10.0,1overf
7cdd80e77d514a9792e6341aa4c508ed,val,0,5.0,1overf
2850497d7cd04f6eb69e5944463febf9,val,0,2.0,1overf
2a2010bdce6240f19bc481d975a1802e,train,0,5.0,1overf
849d3a8a8f1c4fcfb5ad429516c688e1,train,0,4.0,1overf
f0e8f77fa63f4ae2855e6919fb0b3314,train,0,5.0,white
7e1c82ae0f4a4234812e7c10fa8fb999,train,0,10.0,1overf
4271fb06595c4141801f3ba9bced9527,train,0,4.0,1overf
1d61612d59f94239b5842f9fe893ef7c,train,0,10.0,1overf
fce0637a5599461ca40a725ddc807ded,train,0,3.0,1overf
56a9a5cb5ca6477b9f5d88bf081b9c07,train,0,6.0,1overf
4cae8f66a558419e9dd3119915260e83,train,0,10.0,1overf
6287091243994385800470a496c1cfc1,train,0,3.0,1overf
832717ebef6b40988329d9a2f3a37495,train,0,5.0,1overf
0cdc3f9049384a8dbaff1453d24baf02,train,0,2.0,1overf
723e8ba880ea4d88aeb7530310b28532,test,0,6.0,1overf
3ce0f60781d849cd8e6c60d2a9917c62,train,0,10.0,1overf
b7133f572aca4a00a9f12b40b6e31f6f,val,0,10.0,1overf
235bf0546f954cc29d71777c9a68c611,train,0,2.0,white
58a4cf8c2cce4b99b4e6d0a4d127a83d,train,0,8.0,1overf
114c61b03af044228e48352e57e3f87b,train,0,6.0,1overf
650746f38d084b809851343131a32411,test,0,8.0,1overf
6a42bab0723f4816b80586bbf2f7e3ec,train,0,8.0,1overf
42065c08674440aa9db358b47430baf6,train,0,5.0,1overf
fb7f311c661a46a5bf7eeae4aea02cfb,train,0,3.0,1overf
ab3afc10e2104e14980e1093d4fd1afe,train,0,5.0,1overf
621f56d51ee4446e938588c1644e0aa7,test,0,8.0,1overf
b2ae122e9a8946c8bb321e3b82d76217,test,0,3.0,1overf
e3e46af04a554be3a0f28d409dd331b0,train,0,6.0,1overf
9de4083236e440d18f6e120c56c22fdc,val,0,6.0,white
f362bef4a9b04cb58f6bc375ddae6ce2,train,0,4.0,1overf
9e903dbbd59847a4bd0b1d1f6757ad69,train,0,10.0,1overf
c927e0fb4cc14265b2bb259a89db001b,train,0,3.0,1overf
f654c17495ed40899be9e064090f3b00,val,0,3.0,1overf
bcff849df84a485d8ef4e4f42d8f7793,train,0,3.0,white
43e750b0044344d69b0b2f9400e06ffe,train,0,10.0,1overf
c879b228a8a84907915f46433918c76b,train,0,6.0,1overf
12bd4310be454a4c9395a3dd7c828b3c,val,0,8.0,white
7c377a89a6bd4547b76d0f9020807581,test,0,4.0,white
d9feea34675e462690a997788eb3ee62,val,0,2.0,1overf
7191396841814d2f8d477f473acf6bfd,val,0,10.0,1overf
7967237f01274d41845078f8f9459537,train,0,8.0,white
b19878a7a68e4ff6ad0dc9d1a24b16d0,val,0,4.0,white
5c39645ceefa41638a66439ba83da02d,train,0,3.0,white
33bf3ed94ceb4d72a755528059a2e385,train,0,6.0,1overf
bd520776c02a44eb88bbabf09498505f,train,0,8.0,1overf
276ae61def7f42bdb00a297254be6c7d,train,0,10.0,1overf
da4d0df7f7b34f1aaf08bd4aba8e0a49,train,0,5.0,white
78d36cad4614430eb58a143c18f50c3d,val,0,3.0,1overf
1be62f28bbb145258d8a2ea6ab9f7fe5,train,0,8.0,1overf
5a59ed3fbc5e45f0a9ac6cc89a889651,train,0,8.0,white
1bf599745eca48b989cc94c9751f1d7d,train,0,4.0,1overf
be6f09fcea354128ad28e3660613196d,val,0,4.0,1overf
5e114fd0bd2440ccbf015355e83e9d0f,train,0,8.0,1overf
fe9cac64dda74a95b7568782786dae89,train,0,3.0,1overf
165ba0e2f9414a07863c8f729039ddda,train,0,5.0,1overf
a0a811c01f1d44c8b9f7fda1602dfceb,test,0,2.0,1overf
9ebc89d88ddb441eb002cbe103660158,train,0,4.0,white
9f5aff69dd45411db7520400ef2b8437,train,0,6.0,1overf
30830ec7f0ae4a2d8d9e7dcec1479dc6,val,0,2.0,1overf
7d39de8740a74a86bcd29a254aaaf16a,train,0,4.0,1overf
f61ef25777e84240aae1c99803535dd0,train,0,6.0,1overf
2b1ccc80484a4ae68eef528125ff3ec6,train,0,8.0,1overf
1387ea9a10c14a98ad83505239d8313c,train,0,2.0,1overf
c3f7aebcdaf348b1ab926b6e873b3572,train,0,5.0,1overf
0349e39fa23d41e5af0201814c63b5f6,train,0,3.0,white
2977d2c205294d4e871d39a2fcb8ce1a,train,0,8.0,white
21138ea83ac44877a4a2ea9c8c24b349,test,0,10.0,white
d908c80c2f8f43fbbe93b398977d783b,train,0,8.0,white
4edc1ee7e78d4779afce02133867d35e,train,0,2.0,1overf
96dd2de455b24fa7b44c47b4a6319088,train,0,10.0,1overf
250a6c36dfc34e43a35588aecf36fc43,train,0,6.0,1overf
9f323a2f509441f696fda498e119c034,val,0,6.0,1overf
e6fa1dd45315471c9d16214f881234a0,train,0,10.0,white
4214d239eb1c440c9d9aa15148e17bb9,train,0,10.0,1overf
e0e4b3ec10e8424d8f58034a3e0ea571,train,0,10.0,1overf
7070b1a0f42342f688d019d42dca6824,train,0,4.0,1overf
65a47e92fdf94577a1b918ce4afe774e,train,0,10.0,1overf
50a53af6d49444b18cf4426dc0186fec,train,0,4.0,1overf
169af6cdd6dd402a9132edb3a4e32e67,train,0,2.0,1overf
a997875451a744a6a8e758c5a84e3cc9,train,0,6.0,1overf
c4db3d4a6ada45d3b5379670336d15b2,val,0,4.0,1overf
65956634cfa54f7397656aaafe608eb8,train,0,4.0,white
491270abd60e4e18a45fa08fc9c74020,val,0,4.0,white
deca7621476940ea85ba0ef8c9f3b178,train,0,2.0,1overf
3853da2b25ad401793f7a0a26811727f,test,0,5.0,1overf
3695fae1e35347f99b472a86da177a85,train,0,8.0,1overf
2d93a25b383440628bcd9154b6cb798d,train,0,6.0,1overf
1503e1aa252645c484add86393c5d6a4,train,0,6.0,white
c476d1e124d94748a6ff2838ee11b86d,train,0,6.0,white
4a9b070bbd444f4593487253b480bba8,train,0,2.0,1overf
44fb7c73f03e413b856538f7a5b509de,test,0,10.0,white
8358c2428f7b493c94f3ae2f33fdb5b8,train,0,10.0,1overf
6cc1ba59cd804b05bc12b2c59593d387,val,0,5.0,1overf
2708b66bbb5d49bf9d04162f59f4f8a1,train,0,10.0,1overf
360138e69f784d689f8cd27a749be51d,train,0,5.0,1overf
316626d698814c5ca98cd26a33f5546e,test,0,10.0,1overf
cc76cb2062144b62925c86b7e304c45b,train,0,3.0,1overf
d17b8110a6d241e3aeeb1341c1c69f1a,train,0,6.0,white
64f4f24699814764a0783898f7be7af2,train,0,8.0,1overf
a0ee2f58d58e4a2db593ba1cedbc71d0,train,0,10.0,white
05b3ca2f572c4f7ba93f8a2a99d957bf,train,0,6.0,1overf
4bb1d88b5c4245a197a40934e34ab383,test,0,6.0,1overf
7e90b740504047ddb3f024598d704fae,train,0,2.0,white
0e2a8ffefb1d41b3976be87e1aeb897c,train,0,5.0,1overf
8787ea59a76f4ef7bccf98da630c39fe,val,0,5.0,1overf
4559bfa2454a452a95c6d9c378c96024,train,0,3.0,1overf
da22ddd52c494112a1f218d9cf9d336b,train,0,10.0,1overf
b8f1991662aa4d30966f6a2c83cbd4e1,val,0,5.0,1overf
a7a8b6f72b514d339f291b99651fe307,test,0,2.0,1overf
1c0c055e6c124d3badd437369dc001f3,train,0,5.0,white
fcfdda4d82714542b9fed95d3232bf62,train,0,8.0,1overf
7683b9454fd04528a55ecdc7ec204d83,train,0,2.0,1overf
c4e2c93c78444ef8a35ee66a6267cb48,train,0,6.0,1overf
31708741599948ebae18707daa5287ba,test,0,4.0,white
c5de56a2b4814c2ab8b1c19389c6eddf,train,0,8.0,1overf
bbe6c02da13940a6bd4de98d428f47db,test,0,5.0,1overf
7270496af31c457e852a69da368c60d5,train,0,5.0,1overf
1f233628b2844f68b42d8da61a9eb6c5,train,0,8.0,1overf
f824a202bd7b4dcdb01e2c4e82e0377a,train,0,3.0,1overf
e8a9ca5635044de89aa49e7b7a296330,train,0,2.0,white
a3161a838b6b410d9480d5743a9b1598,train,0,8.0,1overf
e6f54e87c16c446da01dc0658db558fe,train,0,4.0,1overf
a73d2f0d5e1047688b6e37be148f0627,train,0,2.0,1overf
45bf773a81f64cdcb19bb52392bd1328,train,0,5.0,1overf
2132adbbc3994fe7b571a2a429f22cdd,train,0,3.0,1overf
7e72a67fb38a47779097a4a4e03f0e4b,train,0,8.0,1overf
54b912b16f3f4f2ca0c3312a66880fe4,val,0,2.0,1overf
f73f18b85a6d4be6ade9f3059fe5cfe8,train,0,4.0,1overf
e8b424008c2d4a4284bb0250bcbe1081,train,0,8.0,1overf
9cf0b19e0ed44889bf254f1f593a01aa,train,0,4.0,1overf
4dc6b8f57ab947fa9216e9ef474695e2,train,0,3.0,1overf
ff3ecbd1c84f46a197d8599494f672d5,train,0,6.0,white
9aa91706a89141f3aaa88c51080cc5bb,train,0,10.0,1overf
ecdb1fa34f86415192a8601b71783fab,val,0,3.0,1overf
6214430a41a54d9490f93a395ff0e1fe,train,0,4.0,1overf
3e71436fc1464551aa6669078f257346,train,0,6.0,1overf
ff7072218a8942d78312237a8fa81b22,train,0,2.0,1overf
124841241af34ce094ce4684602d1593,train,0,3.0,1overf
693dbbc2d9ad44cb90c642ff487a4bed,test,0,10.0,1overf
43e0089ba95e4b169831fc6ed26c97ea,train,0,2.0,1overf
c121f5a3b6c24bc799d94a147b6385a7,train,0,3.0,1overf
06d918653ce04a55a384ac2021291c2e,test,0,10.0,1overf
a80d6365c712464f8dafaa8d6c621579,train,0,4.0,1overf
f1d6af78e69548be9841136bbec2b147,train,0,10.0,1overf
0b01045820294a67a318a8a4774c9dff,train,0,5.0,white
56b7bcbf750d4ad48c85b71d125a8b70,test,0,5.0,1overf
624fdcbe7f224b0aab68a3c896d9863f,val,0,3.0,1overf
ef4d2855e7664a899448c91cb1821fdb,train,0,8.0,1overf
f85b70c2f5bd44fbab5e00d6ea8f5a71,train,0,5.0,1overf
6a8d82b8903d4a4198db19b36754feed,train,0,2.0,white
cc9d9e62c47b4be6ac3c8b6bfb7bb307,train,0,3.0,1overf
8069a6019cde4730bbdb6b5c9fb6b8f6,train,0,2.0,1overf
64bb072b1951467ab804c145c675ff7c,train,0,4.0,1overf
e8caefa08e6f4a348ffe342fb2867ebe,train,0,8.0,white
c7c78f213041436fb3905a409e2a3f55,train,0,3.0,1overf
37a903b545fb459a940c37eecaf3f640,train,0,10.0,1overf
1ec7134fdbfe4e8690740c2525a95616,test,0,10.0,1overf
0c75c029c0bb4b7eb7708263670be737,train,0,5.0,1overf
5211d920048e4a559f7cc9b201de355a,train,0,6.0,1overf
9d36c361cf9f449daa33e70c0e2bc5b5,val,0,10.0,white
c56f879730644d7d838bc4fe43e163a4,train,0,3.0,1overf
522d63d4b2be465bba7fb4e50443f3d3,train,0,5.0,1overf
03be5bd9d25a450198ad73bb005f97be,val,0,6.0,1overf
50abd1d3b9c3437fb469135ff5d0fa9d,test,0,5.0,1overf
2a64dd79fb7d43aba6da7ef6a861352a,test,0,8.0,white
ada7ecb0e98945bc952bae5ba8b89b7e,test,0,2.0,white
eb041b5212a1492e914aa3b1abe12d32,train,0,6.0,white
c1fe166c4969472cb2d70f9db811052a,train,0,8.0,1overf
c5b12d09c0584096ba355d3b164c0ce3,train,0,2.0,1overf
cea9783306af4d109f3324ef3878bb9a,val,0,3.0,1overf
8f8e6ab11aa84035aca009d2fed13297,train,0,6.0,white
782e9a87d9a54e82af7ba5aaaa7432eb,train,0,8.0,1overf
e7e9f11a9c6344f3a954c5cbe1054781,train,0,10.0,1overf
f943a17be65e4e19ba24cd5b85d45612,train,0,10.0,white
356eee5b0ac54c38b8982e4df7cac310,train,0,8.0,1overf
d9d66592e5984356b6e66e11a7792611,train,0,10.0,white
ba8b8b4032964d25a2557d6a3ebd3b48,val,0,3.0,1overf
4ef07607239a4f1ea821f3710119919d,train,0,2.0,1overf
35ec18ae909140028639cb3c256fc838,train,0,5.0,1overf
4cf464d28332473d96170ae3b845dfd7,train,0,10.0,white
20457e902a294c5496bebc34092f030f,train,0,5.0,1overf
0a947e6e7c45437f828ac6a54fda0e51,test,0,5.0,1overf
c318ac413e1846f2bddf1e6b67590832,val,0,6.0,1overf
206a7d1e0fc145468337a1fcef1b3da8,train,0,5.0,white
0fd58a25a6cc4d578968d6ca1848d264,train,0,8.0,white
c0ebe8ecf43a441b9cd42275d59dfd65,val,0,3.0,1overf
9e930b328d3542aea88da0d672a52645,train,0,2.0,1overf
ac0d9f9ada1b47f1b4e6bd144e50bdb7,train,0,10.0,white
f562ad7c1d16418bb59f9a654b2d2556,val,0,8.0,1overf
085a7f4ae6814325aae7d3e642691d86,train,0,10.0,1overf
d813c981460e4ab39b3fbc2cffff2fe5,val,0,5.0,1overf
f3f12653a9214777ab656bbd5b9c9d24,test,0,5.0,1overf
a3b48da8a5554d4fa44ee84c0e64eb66,train,0,4.0,white
7af7d7391e7e432093056de18b3655b1,test,0,10.0,1overf
463233b9ddf04156a8f700fb068c1506,train,0,6.0,1overf
b542d059302e46d1ac2cf2df16af0b74,train,0,10.0,white
05876dc19f58444c81d90ee0283a58a6,train,0,10.0,white
2ec43af482884252b475702414d617c3,train,0,2.0,white
00c815a9f07f4c6caad7fcc1d1249826,train,0,5.0,1overf
9d8d668bc9be4571927c1c391717edb5,test,0,8.0,1overf
2a42ef080f1a44d79cc31da5db1fa1e4,train,0,2.0,1overf
7b5f2438341f48ba9c74a8d57f7bc880,val,0,10.0,1overf
3a649ee1f01e4f19bf390d2043ab2843,train,0,8.0,white
7c37f8d7e11944cd96b9fc3cba6b3c0b,train,0,5.0,1overf
3d36386aa1a54eaea266dfc970b57afc,train,0,10.0,1overf
082f080aec8a44e7b9927a46dc25be7f,train,0,6.0,white
4f6c215da51d477d99818a071c76a0b3,val,0,2.0,1overf
8a82ecfe9a134dc2a1768197f16be5fd,val,0,4.0,1overf
5bfc787c27604c0b9730ad2ecbad9704,train,0,3.0,1overf
5bae1d51732b4c478f0c2daa62f5cb7e,train,0,8.0,1overf
abbd44c0ecfb4b1296d49434399e0405,train,0,4.0,white
989cbd41506c4d0290d58485f43e34a9,train,0,3.0,1overf
ed470f3f19514672b6797b477a8903be,val,0,8.0,1overf
312f3797478f4474855ef7b3b635be9a,val,0,4.0,1overf
bfc32cd44f1f4bf6b0a9c6acf0ade5d6,train,0,10.0,1overf
10dcd6d5419549e798584c50fb44beba,train,0,3.0,1overf
63fa39fa23674f37b775972f142636fd,train,0,6.0,1overf
6b04137b1b7d4512ba9abd64f8a9a9a0,train,0,10.0,1overf
75181e8605be4f56913c91fc811646ef,train,0,5.0,1overf
0486ff296f3642ffae73c2f7da44e2f4,train,0,3.0,1overf
ee13fc2a61bc4469a749cd1d1710e16c,train,0,8.0,1overf
b67d98e12add4c3b8c2c56315b6f188e,train,0,6.0,1overf
9fff9870ec3c4a5c8d2b6cf87ccd4b6e,test,0,2.0,white
1ec8b1a1843a41b5b33fe2d0be80af53,train,0,6.0,1overf
b24154121f3a4dec9bd4665d5a493abb,test,0,3.0,white
de3d92b48f504c2d9b6b1b6c7079d881,train,0,6.0,1overf
2897bd507891442bbe32e3361977a124,train,0,6.0,1overf
e88e1862cdc14156acb449c27b8d01f0,train,0,6.0,white
927ec395f9b9435fba37f84f97437069,test,0,10.0,1overf
e5525baf22c845b29bbfbfd32634e2a9,test,0,10.0,1overf
426fe29afe934004bff7eceb27b25f24,train,0,5.0,1overf
af3d595f7a8a4515bff75fd3a57a4a43,train,0,6.0,1overf
6d61876eefd74dbeb672ec5bd0c650e7,train,0,10.0,1overf
038f4148b0e743ab80a9c65681aabbd2,train,0,10.0,white
81c6b718c65e4003ba46f372e80d035a,train,0,10.0,1overf
017110188ead4a75855446c5bba699e2,train,0,3.0,1overf
cbb95459e42e45e98a644f866277ad66,train,0,8.0,1overf
e22b9518f5cc4a8bba4170230f9d0710,train,0,5.0,1overf
7afdbf54484549ba813e7460d233ac17,test,0,6.0,white
e56faef0e4ff466abd6e3c80d742c313,test,0,6.0,1overf
d24fb75ab74348e6acd53051b2ef7899,train,0,10.0,1overf
1a387d3bf3cc4214a851f5d3542d3511,train,0,2.0,1overf
7bcdf46d0fb34563a71ee3c057c5eb16,train,0,2.0,white
1ac558f4682b4a3280f5cd0281acc58e,test,0,2.0,1overf
c36eb87a616d44b890ad55ee2804cb06,train,0,4.0,1overf
a2f50ff34ee5423b8217f05e3127f585,train,0,6.0,1overf
0dace5e06b3741e789e6300464f6d5e1,train,0,10.0,1overf
c8aec9bb727f429c9c61b60983ec6a41,train,0,10.0,1overf
9ff8b595d6fc46f9ae144964dc1f13f1,train,0,10.0,1overf
65de7323669946529048aa0e5d18d941,train,0,6.0,1overf
09e6f8726f2e41a98baed7170df61f11,train,0,10.0,white
f1a0e0dba1d140398ca55672480d7a18,test,0,10.0,white
9a1d0e5aa9314891b172c06df87c7700,val,0,8.0,1overf
a8af80bcb26d4fbea266a50b86d77ee4,test,0,3.0,1overf
ab7198aea0754433b75e95455e72c6f0,val,0,8.0,1overf
b9cfc6149fd74c538278d491a7aa3302,val,0,10.0,1overf
8d2dafaa4ad944818ef490869ba46444,val,0,8.0,1overf
456fd4365b5244c68a8c903081eee6ce,train,0,10.0,white
2bba287813194aa389e725cd75d006ab,train,0,4.0,1overf
a2f8ecd4f62c486f9674cfb21a1f75ad,train,0,8.0,1overf
f2f6839db2244e799335e5d21b5df7bd,test,0,10.0,white
2d7b5d27e4244ffe9dad460bd1c4c190,train,0,2.0,1overf
8bdb337492a3440bafbd518da4bbb095,train,0,5.0,1overf
c55ee9d09bed43628d4126fa8b857756,train,0,5.0,1overf
1c6779e5de9746708c15f91870b9ac36,test,0,4.0,1overf
cbd88b6f259946c58b185d118a0b50fb,val,0,10.0,1overf
5a17426dfd1c4b7ea8452995d03adb0d,train,0,10.0,1overf
885c9d8cc4f640d5b8a1a04674494732,train,0,3.0,white
7b9527b282134991b01800fdab3c637e,train,0,2.0,1overf
d2d70344722144af852f351bb5ff2132,test,0,6.0,1overf
a746916947874ac8a415d9691355dbfd,train,0,4.0,1overf
4b20a7cda6294c88951b0ebcd1186e01,train,0,2.0,1overf
7153122a458f477596168b91265bf335,train,0,6.0,1overf
c6e98f26227b473d8f62ae36616a4e24,train,0,4.0,1overf
58baff785e884e12a744a16e04164ac2,train,0,4.0,1overf
d064282780934cd8bebf3db633e909f2,train,0,10.0,1overf
57c82342e98c4f3786b235b4dd3f150b,train,0,10.0,white
83ca449438df4369ba691a4d3ce60d45,train,0,6.0,1overf
33ccbec0699242f3b480109b0cb23a21,train,0,3.0,white
d1a85dccf32c4b2cacc2cfc318ef830e,train,0,2.0,white
53fa082fd75744989ce75fde36644871,train,0,4.0,1overf
09ddb5c00db548cc9395da650c48d9fc,train,0,8.0,1overf
390a8ce040bf42279051c6944bf03462,train,0,3.0,1overf
3c4e49b43ca0490f9e2cf3d1b49fefcf,test,0,6.0,1overf
db5d21a0672c43f9a09ca623e150dbfc,train,0,4.0,1overf
d8575c1d08cd4eed96fcc0e7e47fd11f,train,0,2.0,1overf
274e667c62084fbbbe12163ddf5f4273,train,0,6.0,1overf
6121f07f8d934d0cadcef9fde44799b9,train,0,10.0,1overf
d447436c79d546f885e607e1222d79a1,train,0,3.0,1overf
9c83454e89a24633baf06859c62d067c,test,0,3.0,1overf
2c6f425706944df6a297359dbe91b0a4,train,0,10.0,1overf
8a9a1171d62f4cc5b87f7ade6d5ea5ac,train,0,4.0,white
dbcce22b39d1457ea3c055326cfc8744,train,0,8.0,1overf
c7aaa263450f4f009fb28618579f3769,train,0,8.0,1overf
58c7561fea654270810188f1e0c09511,train,0,10.0,1overf
7888e484de5246e7afb49703536298a2,train,0,3.0,white
c6c7f31a03b34331a6b645ea5f716b61,val,0,4.0,1overf
3784686a162242508ba863a44dc165ed,test,0,4.0,1overf
e4e5c21e1eb24ab4934ba79e114c8c1e,train,0,5.0,1overf
ecb4771ce07a49beb6e8b7123cbb9c5a,train,0,10.0,1overf
8febfd17cf534742b2ec761cee9748a1,test,0,3.0,1overf
24bd4657997943359c85875451fb8f7c,train,0,8.0,1overf
92d1b635d7cb4e7c8e6c91c951b01442,train,0,5.0,1overf
5b4071a642ec483eacf1ece812809ca4,train,0,8.0,white
a78eae95fe5840e2a99676efb6e84b90,test,0,4.0,1overf
d95fd3f959ad4ca29e95102de89b2ec6,val,0,8.0,1overf
c9126d7c343d443e8f4c1d02067c25f2,val,0,2.0,1overf
d979364f86d1476887bbea4dbdc94b6f,test,0,8.0,1overf
74fd4aff274b411098b8d513ad9ce0cc,train,0,5.0,1overf
23c4fc3f53a246228e3b24e59fa5d1f1,test,0,10.0,1overf
b28d1baa5e08499ea7d3b20b99190bea,train,0,10.0,1overf
5a7916c8e0fc4bc9957f38b49bbc600b,train,0,10.0,white
c2b099fcab884a8fbfd659b219577868,train,0,5.0,1overf
55db595278a14e05b5956cb7f4fe5878,train,0,8.0,1overf
977a08d949744cc68eed2e665a7345b1,test,0,6.0,1overf
59ac5e41262845ea92f04ec0bf68d383,train,0,3.0,1overf
516e3b956cda4cd6857195c0034523aa,train,0,2.0,white
69772d8b54114519959f20bb592353b3,train,0,8.0,1overf
3d04eb81bafa41c98487df40c4c27132,val,0,2.0,1overf
7fff127175854252b69d2379495ef048,train,0,10.0,white
26c3f99af84848edae3ea5b47a524bb8,train,0,4.0,1overf
511bf18e5e6a4f23ace4e7f57ad5556c,train,0,4.0,1overf
b3a54a3da09f4876a3ca8419ab8a51f2,train,0,10.0,1overf
33e63f6e428d47eca9c00d15e12aafc7,train,0,3.0,1overf
12f16e3777dd4a99b959fdb60beb384e,train,0,10.0,1overf
e3ff815f6ef24ab89b972b2433989708,train,0,2.0,1overf
425c18aaaa6e491ab5d818b480cf8145,test,0,3.0,white
b68b8603292646bba98540793293fb5b,test,0,5.0,1overf
7898432882504653a2376ac34868a60d,train,0,6.0,1overf
442dc956ce5b4272a2057791c858efa6,train,0,8.0,white
2860ba9677c14e48ad552f32680e65e4,train,0,4.0,1overf
4dba3b954b894ae0be84c86d97279d26,val,0,4.0,1overf
a853b760a5664f61bf878a19509066d4,train,0,5.0,1overf
8f82ced1c40f4f0e92b80dc84481f583,train,0,8.0,1overf
c158c998745849d68b926102bb678c24,train,0,4.0,1overf
620985f9d61d45bdb9e87c225d945635,train,0,2.0,1overf
9742b4210bee4cd1af87e7a5849faf12,test,0,3.0,1overf
66d202304f0b4d8cb5905fa4e63deae0,train,0,6.0,white
a7b84cc65d514736aeede3f855a6a6b7,train,0,3.0,1overf
95b893f3a2f24961bb583356f5ad8662,val,0,5.0,1overf
629c1995b23641a383626931eb484195,train,0,4.0,white
4bfb27a6ec9543d6a23c97962438ab9d,test,0,5.0,1overf
6a0d4e65e9f94c859d220851bb4865da,train,0,3.0,1overf
22c7e7bec93048109c913934968f0b28,train,0,10.0,1overf
caa5efde9b084bc48cc6cd5f21fc4062,train,0,4.0,1overf
0adbd846dbe5436dad85fe0e1d75133e,train,0,3.0,1overf
daabb0dc480b4c6d9faba9207256e08a,train,0,5.0,1overf
8409026cbb5a4a99b3ceffaa5688b49e,test,0,8.0,1overf
066991e1cdde4349930399d99b2bfbae,train,0,8.0,1overf
1e8802d3ea6d4ef49f74f1a9aee17249,val,0,4.0,1overf
403d96bdc83245558591807db0a66a93,train,0,4.0,1overf
b3cd6bcf93c94902bf6ba20bca0d98f4,val,0,3.0,1overf
656f6d78a7d2484eabf52a2ab23123a9,train,0,3.0,1overf
6580aa7a6d71444cb45c6b5f5e17530b,test,0,10.0,white
6b600d07217a4e058551c6bb89f8cb7f,train,0,4.0,1overf
3d0f9a8049b04cf9a517f118ab2dfa16,train,0,10.0,1overf
0ee9d09f9c424c91810483c79913b54c,train,0,8.0,white
fabf5a49d23540ea80808a0b635f6bad,train,0,2.0,white
7a74874e97804c6aab783d286bf34c6e,train,0,8.0,1overf
be6e95de6e684244ac27670e31b71744,train,0,3.0,1overf
1cc3d0d4eb414f7bb087fbcfdb084824,test,0,4.0,white
ec12e69f63104fd7bb316b037ec423a9,train,0,5.0,1overf
8a66948a2bba4227b09bc4e7270e0b72,train,0,5.0,1overf
4db265bf45ed4a3bad88149d1c988310,train,0,8.0,1overf
c006ae23765f4e9b89f637bee9259bcb,train,0,8.0,1overf
7779f0c4c3ec4806a6ec2f6b0510cf5d,train,0,8.0,1overf
d8d7d26240f4438daae5702e2b4b4ff1,train,0,4.0,white
a08523c64f104bad8c3807228ecb9bd0,val,0,8.0,1overf
c81a7cbdb98c4fd0ad0590d682d7ea1a,train,0,2.0,1overf
57d99bda3edc4112a2cb08f3e4e1c1ea,test,0,8.0,1overf
f21d077a57f6441fa81f64ba9accbad0,train,0,3.0,1overf
2f59de05e7c84553a77a54e6db5a1490,train,0,10.0,1overf
cdefe7dcee2d432db180378b4310df8f,train,0,4.0,1overf
60b28e5a9cce43b89331b4de1779af4d,train,0,4.0,1overf
19bb926a0e95409aacb04ef77b3a0e67,val,0,6.0,1overf
4845ddf1885b4ed1af5a571fb4addde4,train,0,10.0,white
6406daa6c4d64fd8b859af833f0ed8e9,train,0,8.0,white
9c613b13a0464447b4049e11cc2d9711,train,0,8.0,1overf
d8a1387604114a4899110bb801f7122d,train,0,4.0,white
703d595057bb4c17a1f5fe1c7ff505ed,train,0,5.0,1overf
1c0090dfeaa6421e9f4e92c5f4e0b7e4,train,0,8.0,1overf
0dd33e018d484631bce250c079160b11,train,0,2.0,1overf
3bb6de2e246d4f1e9e8b68965ed78c99,train,0,8.0,1overf
20bbdb0cca1a4e3ab93b3cbccadb97cd,train,0,5.0,white
d717ee08e5a044f680d11b06f9f2ac64,train,0,10.0,1overf
f5f1a1d9f0d24cb7a93a8a62fc513aa4,val,0,4.0,white
709f1a4a57f84da8bcc0fecd40b7b18a,train,0,2.0,1overf
ce6ee2d22b4d4cd7bd900af538413826,train,0,4.0,white
7c64908f556e4559ab35d2a919fe3e8e,train,0,6.0,white
805ddfd7305843c1bf3b6c543fe3429d,val,0,4.0,1overf
e4dba47593854190905481858f84ead3,train,0,6.0,white
438f43c8ed994e9395c261b190939aec,train,0,8.0,1overf
1e0e76b6624145efb537aa049d82aaa1,val,0,4.0,1overf
c906659e80ea45909f4a429e89a42e80,train,0,6.0,1overf
961fcb980f9044828fe8bab45b262ef6,test,0,8.0,1overf
1693df41a0b54c5b84adb2fb4c34a670,val,0,6.0,1overf
8c5f81dcc50844c1badc7a1baf4d03ef,train,0,4.0,1overf
f8a97804b79f42b9a01fe4b8053640cb,train,0,8.0,1overf
49f68243026f44cc8c37b6162bb955b2,train,0,8.0,1overf
f2f380e0b9954aa685852a69d2a2c91d,train,0,3.0,1overf
1e695a88e10e48538a0e7ace9a089368,train,0,6.0,white
4425926138ea4a66aa1ee273b8718563,train,0,2.0,1overf
7f797256dc4948e189eb754dc87a8d3d,test,0,6.0,1overf
214e4889b571495cad595c4e224477e9,train,0,8.0,1overf
549bbd06528346cb96629ac44d015b18,train,0,8.0,1overf
13aa7133e41340c38cf57176409927d8,train,0,5.0,white
0ff4a977e1d0424486fba7e285f2d224,train,0,2.0,white
7c6c80d8bb864be19efe4947d837f825,train,0,2.0,white
513af4ece3b345a185d3124478914b2c,train,0,2.0,1overf
f1284efea3774dea8294150ba2c9f85b,test,0,3.0,white
c586adcc409d4735aca2828fce445bd9,train,0,8.0,1overf
75c03047c1d44516bb439b874ad310e7,train,0,4.0,1overf
045a3f49b8c6472bbb61d472b363f48c,train,0,4.0,1overf
3bc059c790c744208b72fc7e8bf5ebf7,train,0,2.0,white
97bf7e381c144fbe96001d966ff1d8d1,train,0,6.0,1overf
39ee6c4d35a14766a800f4fd482ae2b3,train,0,10.0,1overf
ee7191ce3c82429c8bdc0f72335f496b,train,0,2.0,white
299213265a9e43aebb0f35e37f1b9be5,train,0,3.0,1overf
5176ac7ed5ac4ee0b8d55afc7946f135,train,0,8.0,1overf
5a284b9e3ae342a2b215185ccb70027c,train,0,8.0,1overf
b4d2072e16424b8ab44f8450cbb658a5,val,0,2.0,white
fb4311758749403997a1fa1485cafe3b,train,0,4.0,1overf
25ebdd4a3992440fbccd4f393dc00228,train,0,2.0,1overf
9b7364f19b994a4198ca4bb5abf74c7d,test,0,10.0,1overf
ad260f2d03cd4d7e8c5c0ac685415001,train,0,5.0,1overf
704c1bd59943492b99117dc5872fcda4,test,0,8.0,1overf
ed67cba266e24ffca9456c84780bc1f9,train,0,2.0,white
967db8c5b5334e2f8ef6bc63ec2d0676,train,0,8.0,1overf
2c548c5b697341b1a38ca5b98d3e7c81,train,0,8.0,white
ec0c2896546d443489194e5c2977b578,test,0,5.0,white
fd3bf583ec664ed2b07c8e577eef3519,val,0,4.0,white
dd4ee5f3f70f4adead376c0a1db2bf54,test,0,5.0,1overf
39e2288a98b3469eb0791f0ed4e18f78,train,0,5.0,1overf
fbce235eac3046d6b8769d911fc88665,train,0,2.0,1overf
f21c2200e65c4c65aae34ad3869fd692,train,0,4.0,1overf
9d07c10e84c2485bb50d839a9ddc96cf,train,0,5.0,1overf
95db2a230e174f00951c65bfdf4d980c,test,0,8.0,1overf
c1a085039a784eae968bdf287d4be997,train,0,8.0,white
ba937531993e4ce185be48b24188bda0,test,0,2.0,1overf
8a5bbbb9d39b4b85970ecd80bf13f34b,train,0,6.0,1overf
ecebc83b17d54d7a858e6f9bf920905c,train,0,3.0,1overf
6a8ea02a5ecb43e988d74ab91d2affd9,train,0,3.0,1overf
55cab490bb8a43a5a9dc2a3a4360a460,train,0,4.0,1overf
401062ef0e574201a6d93447f546d6a2,train,0,10.0,1overf
9ccf950ec9c8432c82006db7cc379d15,train,0,3.0,1overf
e903a468c8dd46d281b7710d41d06dde,val,0,2.0,1overf
b446e3204f814707986d2a3e7cb25095,test,0,3.0,1overf
5fef85f6606b46bd85fe3bc7c69b4eb7,test,0,2.0,1overf
0b1ea4dd74f44f24ad7a26abcffa03e4,train,0,4.0,1overf
d5c74272df884cd5867a4694f3c7975d,val,0,4.0,1overf
00cffd9671a741a9963efd2613ba543c,train,0,6.0,1overf
981d6c22745f4168b39ae4fdd445de62,train,0,6.0,1overf
ede0c85b9d9842eaa997aaf81a63bc32,train,0,6.0,1overf
b683827998954c0ebf10bb5629633669,test,0,6.0,1overf
4a5b69c544494740ab9d2e8337e30bf7,train,0,6.0,white
b721a7dff2e0430a91fb524400d009cc,val,0,4.0,1overf
6edc66b84ee44dd6983f0a659e28cc2d,train,0,3.0,white
80036e5810004e778b6e51d24c0a5d24,train,0,8.0,1overf
ac495cda7f3645d39cb20121d5c09b02,train,0,5.0,1overf
